,alpha_temp,alpha_mois,n_temp,n_mois,wr_temp,wr_mois
0.04,0.3219256559458308,11.09103451381756,1.6085166056682771,15.481026981840253,-0.06088088336278647,-6.575367880172574
0.2,-0.49276670362090125,-15.633558709403292,22.433395420656733,-154.91013723399797,-2.575249115250724,0.4324392898934458
0.4,-0.8130400346331079,3.780141014561761,33.23500100331831,-102.0195185486911,-3.5159220240483577,-22.229965318867887
0.8,-1.035988541167516,16.05739618546964,23.578943179239843,-554.6570999909802,-2.3747137550930386,-21.543791738141817
1.2,-0.10096794571010968,4.633036335216324,30.4136505747915,-1204.4208259512056,-2.657449239160875,82.60306770581317
1.6,-0.9251507800934318,12.535038516840716,14.322164918881219,-477.9770386573397,-2.151907972585258,-21.040308731080007
