,alpha_temp,alpha_mois,n_temp,n_mois,wr_temp,wr_mois
0.04,-0.6765004062927877,-11.885003955792987,4.505533135331548,-357.1619995293295,-1.0532386996240517,-1.5972554050048646
0.2,-0.2650752167370617,-0.05033449021572552,5.264251801049162,8.294652392900383,-0.707468622733873,-3.1268999888620073
0.4,-0.28950691560950415,-0.26074529616901754,3.548750571315198,3.874701748930201,-0.44413733009966827,-1.6921208610469398
0.8,-0.3597040279691355,0.0730453680185387,2.4114834009546233,2.6453402200369656,-0.3860092230092263,0.05778531236388608
1.2,-0.41262733037476546,0.02352544504397925,2.5017619585164423,0.6785551620072509,-0.4161642780634559,0.03611733741403475
1.6,-0.3042416522849198,-0.007213885357751326,2.4701800887876937,0.5430781662858603,-0.26854932374410234,0.00022813148930743413
