,tcs_temp,tcs_mois,tcd_temp,tcd_mois,af_temp,af_mois,auf_temp,auf_mois
0.04,-4.5343631314035076,1.9486498049582097,0.21422382759312222,0.02379702955990029,-5.3577224366867,-1.2726062755508107,0.7960144223780244,-0.029962393878364593
0.2,2.143333876619963,-4.489809908950582,-0.6440549514897187,-0.3321844235412738,-6.577407474665099,-2.606642564152167,-1.6231723415603108,-0.7992449869577957
0.4,3.048492280660671,-0.006474252293299439,-1.2498839922991938,-0.3359094274402138,-7.186522324497051,-2.8543580435368523,-3.261891407622569,-1.3157214969370583
0.8,8.66017050495252,25.93772095744133,-1.3650984727806257,4.2434471403376115,-6.43104844192178,-2.257627175127396,-4.660811762938279,-2.1090943685640435
1.2,21.390982929379927,-15.455045189463315,-1.7664414639833097,0.23034366734554415,-6.888755898963712,0.6925093886042968,-6.431964515000614,0.8041935911418379
1.6,21.949887963312747,-6.559722144726318,-1.9373376605038704,0.1643569990949172,-6.366867299627428,0.24473500443023566,-7.320536473347078,0.5075816732541774
