,tcs_temp,tcs_mois,tcd_temp,tcd_mois,af_temp,af_mois,auf_temp,auf_mois
0.04,6.043652510086235,-0.5386421829913427,-0.16400051115752393,0.12042976445215635,-5.781783220180038,-1.1048085049131668,-1.6098681202135372,-0.826495559700453
0.2,-0.14817802804806302,-7.483646394380511,-0.41080236461180175,-0.46136517166583557,-5.296194614956955,-2.4671402066346624,0.3838352559806558,1.9505883903429035
0.4,-0.062156710710979654,-2.314885431237399,-0.41827292703928926,-0.2390884670911176,-5.066717493732285,-2.3329713798552136,0.8020690582849717,1.2620473172979445
0.8,3.040173062148913,2.6192001914941145,-0.25890703940733534,3.8177505281918918,-4.499943976390015,0.13636159394966055,0.28184341190167583,-15.985509903440768
1.2,5.135519160548296,-3.634628135093512,-0.2362955157447911,-0.13501680858654624,-4.628654163277457,-0.44540669544877304,-0.24466363475250846,1.172811704769973
1.6,3.207901293569504,-0.9765726111540517,-0.3038526579186677,-0.049844812895834395,-4.370013218238059,-0.2557287307964697,0.1936845772639961,0.32481733118585626
